origem,destino,ficheiro_local
https:///www.vanescolarparana.com//,https://www.vanescolarparana.com/,index.html
https:///www.vanescolarparana.com/curitiba/abranches/,https://www.vanescolarparana.com/curitiba/abranches/,curitiba/abranches.html
https:///www.vanescolarparana.com/curitiba/agua-verde/,https://www.vanescolarparana.com/curitiba/agua-verde/,curitiba/agua-verde.html
https:///www.vanescolarparana.com/curitiba/ahu/,https://www.vanescolarparana.com/curitiba/ahu/,curitiba/ahu.html
https:///www.vanescolarparana.com/curitiba/alto-boqueirao/,https://www.vanescolarparana.com/curitiba/alto-boqueirao/,curitiba/alto-boqueirao.html
https:///www.vanescolarparana.com/curitiba/alto-da-gloria/,https://www.vanescolarparana.com/curitiba/alto-da-gloria/,curitiba/alto-da-gloria.html
https:///www.vanescolarparana.com/curitiba/alto-da-rua-xv/,https://www.vanescolarparana.com/curitiba/alto-da-rua-xv/,curitiba/alto-da-rua-xv.html
https:///www.vanescolarparana.com/curitiba/atuba/,https://www.vanescolarparana.com/curitiba/atuba/,curitiba/atuba.html
https:///www.vanescolarparana.com/curitiba/augusta/,https://www.vanescolarparana.com/curitiba/augusta/,curitiba/augusta.html
https:///www.vanescolarparana.com/curitiba/bacacheri/,https://www.vanescolarparana.com/curitiba/bacacheri/,curitiba/bacacheri.html
https:///www.vanescolarparana.com/curitiba/bairro-alto/,https://www.vanescolarparana.com/curitiba/bairro-alto/,curitiba/bairro-alto.html
https:///www.vanescolarparana.com/curitiba/barreirinha/,https://www.vanescolarparana.com/curitiba/barreirinha/,curitiba/barreirinha.html
https:///www.vanescolarparana.com/curitiba/batel/,https://www.vanescolarparana.com/curitiba/batel/,curitiba/batel.html
https:///www.vanescolarparana.com/curitiba/bigorrilho/,https://www.vanescolarparana.com/curitiba/bigorrilho/,curitiba/bigorrilho.html
https:///www.vanescolarparana.com/curitiba/boa-vista/,https://www.vanescolarparana.com/curitiba/boa-vista/,curitiba/boa-vista.html
https:///www.vanescolarparana.com/curitiba/bom-retiro/,https://www.vanescolarparana.com/curitiba/bom-retiro/,curitiba/bom-retiro.html
https:///www.vanescolarparana.com/curitiba/boqueirao/,https://www.vanescolarparana.com/curitiba/boqueirao/,curitiba/boqueirao.html
https:///www.vanescolarparana.com/curitiba/butiatuvinha/,https://www.vanescolarparana.com/curitiba/butiatuvinha/,curitiba/butiatuvinha.html
https:///www.vanescolarparana.com/curitiba/cabral/,https://www.vanescolarparana.com/curitiba/cabral/,curitiba/cabral.html
https:///www.vanescolarparana.com/curitiba/cachoeira/,https://www.vanescolarparana.com/curitiba/cachoeira/,curitiba/cachoeira.html
https:///www.vanescolarparana.com/curitiba/cajuru/,https://www.vanescolarparana.com/curitiba/cajuru/,curitiba/cajuru.html
https:///www.vanescolarparana.com/curitiba/campina-do-siqueira/,https://www.vanescolarparana.com/curitiba/campina-do-siqueira/,curitiba/campina-do-siqueira.html
https:///www.vanescolarparana.com/curitiba/campo-comprido/,https://www.vanescolarparana.com/curitiba/campo-comprido/,curitiba/campo-comprido.html
https:///www.vanescolarparana.com/curitiba/campo-de-santana/,https://www.vanescolarparana.com/curitiba/campo-de-santana/,curitiba/campo-de-santana.html
https:///www.vanescolarparana.com/curitiba/capao-da-imbuia/,https://www.vanescolarparana.com/curitiba/capao-da-imbuia/,curitiba/capao-da-imbuia.html
https:///www.vanescolarparana.com/curitiba/capao-raso/,https://www.vanescolarparana.com/curitiba/capao-raso/,curitiba/capao-raso.html
https:///www.vanescolarparana.com/curitiba/cascatinha/,https://www.vanescolarparana.com/curitiba/cascatinha/,curitiba/cascatinha.html
https:///www.vanescolarparana.com/curitiba/caximba/,https://www.vanescolarparana.com/curitiba/caximba/,curitiba/caximba.html
https:///www.vanescolarparana.com/curitiba/centenario/,https://www.vanescolarparana.com/curitiba/centenario/,curitiba/centenario.html
https:///www.vanescolarparana.com/curitiba/centro-civico/,https://www.vanescolarparana.com/curitiba/centro-civico/,curitiba/centro-civico.html
https:///www.vanescolarparana.com/curitiba/centro/,https://www.vanescolarparana.com/curitiba/centro/,curitiba/centro.html
https:///www.vanescolarparana.com/curitiba/champagnat/,https://www.vanescolarparana.com/curitiba/champagnat/,curitiba/champagnat.html
https:///www.vanescolarparana.com/curitiba/cidade-industrial/,https://www.vanescolarparana.com/curitiba/cidade-industrial/,curitiba/cidade-industrial.html
https:///www.vanescolarparana.com/curitiba/cristo-rei/,https://www.vanescolarparana.com/curitiba/cristo-rei/,curitiba/cristo-rei.html
https:///www.vanescolarparana.com/curitiba/fanny/,https://www.vanescolarparana.com/curitiba/fanny/,curitiba/fanny.html
https:///www.vanescolarparana.com/curitiba/fazendinha/,https://www.vanescolarparana.com/curitiba/fazendinha/,curitiba/fazendinha.html
https:///www.vanescolarparana.com/curitiba/ganchinho/,https://www.vanescolarparana.com/curitiba/ganchinho/,curitiba/ganchinho.html
https:///www.vanescolarparana.com/curitiba/guabirotuba/,https://www.vanescolarparana.com/curitiba/guabirotuba/,curitiba/guabirotuba.html
https:///www.vanescolarparana.com/curitiba/guaira/,https://www.vanescolarparana.com/curitiba/guaira/,curitiba/guaira.html
https:///www.vanescolarparana.com/curitiba/hauer/,https://www.vanescolarparana.com/curitiba/hauer/,curitiba/hauer.html
https:///www.vanescolarparana.com/curitiba/hugo-lange/,https://www.vanescolarparana.com/curitiba/hugo-lange/,curitiba/hugo-lange.html
https:///www.vanescolarparana.com/curitiba/,https://www.vanescolarparana.com/curitiba/,curitiba/index.html
https:///www.vanescolarparana.com/curitiba/jardim-botanico/,https://www.vanescolarparana.com/curitiba/jardim-botanico/,curitiba/jardim-botanico.html
https:///www.vanescolarparana.com/curitiba/jardim-das-americas/,https://www.vanescolarparana.com/curitiba/jardim-das-americas/,curitiba/jardim-das-americas.html
https:///www.vanescolarparana.com/curitiba/jardim-social/,https://www.vanescolarparana.com/curitiba/jardim-social/,curitiba/jardim-social.html
https:///www.vanescolarparana.com/curitiba/juveve/,https://www.vanescolarparana.com/curitiba/juveve/,curitiba/juveve.html
https:///www.vanescolarparana.com/curitiba/lamenha-pequena/,https://www.vanescolarparana.com/curitiba/lamenha-pequena/,curitiba/lamenha-pequena.html
https:///www.vanescolarparana.com/curitiba/lindoia/,https://www.vanescolarparana.com/curitiba/lindoia/,curitiba/lindoia.html
https:///www.vanescolarparana.com/curitiba/merces/,https://www.vanescolarparana.com/curitiba/merces/,curitiba/merces.html
https:///www.vanescolarparana.com/curitiba/mossungue/,https://www.vanescolarparana.com/curitiba/mossungue/,curitiba/mossungue.html
https:///www.vanescolarparana.com/curitiba/novo-mundo/,https://www.vanescolarparana.com/curitiba/novo-mundo/,curitiba/novo-mundo.html
https:///www.vanescolarparana.com/curitiba/orleans/,https://www.vanescolarparana.com/curitiba/orleans/,curitiba/orleans.html
https:///www.vanescolarparana.com/curitiba/parolin/,https://www.vanescolarparana.com/curitiba/parolin/,curitiba/parolin.html
https:///www.vanescolarparana.com/curitiba/pilarzinho/,https://www.vanescolarparana.com/curitiba/pilarzinho/,curitiba/pilarzinho.html
https:///www.vanescolarparana.com/curitiba/pinheirinho/,https://www.vanescolarparana.com/curitiba/pinheirinho/,curitiba/pinheirinho.html
https:///www.vanescolarparana.com/curitiba/portao/,https://www.vanescolarparana.com/curitiba/portao/,curitiba/portao.html
https:///www.vanescolarparana.com/curitiba/prado-velho/,https://www.vanescolarparana.com/curitiba/prado-velho/,curitiba/prado-velho.html
https:///www.vanescolarparana.com/curitiba/reboucas/,https://www.vanescolarparana.com/curitiba/reboucas/,curitiba/reboucas.html
https:///www.vanescolarparana.com/curitiba/riviera/,https://www.vanescolarparana.com/curitiba/riviera/,curitiba/riviera.html
https:///www.vanescolarparana.com/curitiba/santa-candida/,https://www.vanescolarparana.com/curitiba/santa-candida/,curitiba/santa-candida.html
https:///www.vanescolarparana.com/curitiba/santa-efigenia/,https://www.vanescolarparana.com/curitiba/santa-efigenia/,curitiba/santa-efigenia.html
https:///www.vanescolarparana.com/curitiba/santa-felicidade/,https://www.vanescolarparana.com/curitiba/santa-felicidade/,curitiba/santa-felicidade.html
https:///www.vanescolarparana.com/curitiba/santa-helena/,https://www.vanescolarparana.com/curitiba/santa-helena/,curitiba/santa-helena.html
https:///www.vanescolarparana.com/curitiba/santa-quiteria/,https://www.vanescolarparana.com/curitiba/santa-quiteria/,curitiba/santa-quiteria.html
https:///www.vanescolarparana.com/curitiba/santo-inacio/,https://www.vanescolarparana.com/curitiba/santo-inacio/,curitiba/santo-inacio.html
https:///www.vanescolarparana.com/curitiba/sao-braz/,https://www.vanescolarparana.com/curitiba/sao-braz/,curitiba/sao-braz.html
https:///www.vanescolarparana.com/curitiba/sao-francisco/,https://www.vanescolarparana.com/curitiba/sao-francisco/,curitiba/sao-francisco.html
https:///www.vanescolarparana.com/curitiba/sao-joao/,https://www.vanescolarparana.com/curitiba/sao-joao/,curitiba/sao-joao.html
https:///www.vanescolarparana.com/curitiba/sao-lourenco/,https://www.vanescolarparana.com/curitiba/sao-lourenco/,curitiba/sao-lourenco.html
https:///www.vanescolarparana.com/curitiba/sao-miguel/,https://www.vanescolarparana.com/curitiba/sao-miguel/,curitiba/sao-miguel.html
https:///www.vanescolarparana.com/curitiba/seminario/,https://www.vanescolarparana.com/curitiba/seminario/,curitiba/seminario.html
https:///www.vanescolarparana.com/curitiba/sitio-cercado/,https://www.vanescolarparana.com/curitiba/sitio-cercado/,curitiba/sitio-cercado.html
https:///www.vanescolarparana.com/curitiba/taboao/,https://www.vanescolarparana.com/curitiba/taboao/,curitiba/taboao.html
https:///www.vanescolarparana.com/curitiba/taruma/,https://www.vanescolarparana.com/curitiba/taruma/,curitiba/taruma.html
https:///www.vanescolarparana.com/curitiba/tatuquara/,https://www.vanescolarparana.com/curitiba/tatuquara/,curitiba/tatuquara.html
https:///www.vanescolarparana.com/curitiba/tingui/,https://www.vanescolarparana.com/curitiba/tingui/,curitiba/tingui.html
https:///www.vanescolarparana.com/curitiba/uberaba/,https://www.vanescolarparana.com/curitiba/uberaba/,curitiba/uberaba.html
https:///www.vanescolarparana.com/curitiba/umbara/,https://www.vanescolarparana.com/curitiba/umbara/,curitiba/umbara.html
https:///www.vanescolarparana.com/curitiba/vila-formosa/,https://www.vanescolarparana.com/curitiba/vila-formosa/,curitiba/vila-formosa.html
https:///www.vanescolarparana.com/curitiba/vila-izabel/,https://www.vanescolarparana.com/curitiba/vila-izabel/,curitiba/vila-izabel.html
https:///www.vanescolarparana.com/curitiba/vila-oficinas/,https://www.vanescolarparana.com/curitiba/vila-oficinas/,curitiba/vila-oficinas.html
https:///www.vanescolarparana.com/curitiba/vista-alegre/,https://www.vanescolarparana.com/curitiba/vista-alegre/,curitiba/vista-alegre.html
https:///www.vanescolarparana.com/curitiba/xaxim/,https://www.vanescolarparana.com/curitiba/xaxim/,curitiba/xaxim.html
https:///www.vanescolarparana.com/destaque-sua-van/,https://www.vanescolarparana.com/destaque-sua-van/,destaque-sua-van/index.html
https:///www.vanescolarparana.com/foz-do-iguacu/alvorada/,https://www.vanescolarparana.com/foz-do-iguacu/alvorada/,foz-do-iguacu/alvorada.html
https:///www.vanescolarparana.com/foz-do-iguacu/america/,https://www.vanescolarparana.com/foz-do-iguacu/america/,foz-do-iguacu/america.html
https:///www.vanescolarparana.com/foz-do-iguacu/bourbon/,https://www.vanescolarparana.com/foz-do-iguacu/bourbon/,foz-do-iguacu/bourbon.html
https:///www.vanescolarparana.com/foz-do-iguacu/campos-do-iguacu/,https://www.vanescolarparana.com/foz-do-iguacu/campos-do-iguacu/,foz-do-iguacu/campos-do-iguacu.html
https:///www.vanescolarparana.com/foz-do-iguacu/carima/,https://www.vanescolarparana.com/foz-do-iguacu/carima/,foz-do-iguacu/carima.html
https:///www.vanescolarparana.com/foz-do-iguacu/cataratas/,https://www.vanescolarparana.com/foz-do-iguacu/cataratas/,foz-do-iguacu/cataratas.html
https:///www.vanescolarparana.com/foz-do-iguacu/centro-civico/,https://www.vanescolarparana.com/foz-do-iguacu/centro-civico/,foz-do-iguacu/centro-civico.html
https:///www.vanescolarparana.com/foz-do-iguacu/centro/,https://www.vanescolarparana.com/foz-do-iguacu/centro/,foz-do-iguacu/centro.html
https:///www.vanescolarparana.com/foz-do-iguacu/cidade-nova/,https://www.vanescolarparana.com/foz-do-iguacu/cidade-nova/,foz-do-iguacu/cidade-nova.html
https:///www.vanescolarparana.com/foz-do-iguacu/cognopolis/,https://www.vanescolarparana.com/foz-do-iguacu/cognopolis/,foz-do-iguacu/cognopolis.html
https:///www.vanescolarparana.com/foz-do-iguacu/,https://www.vanescolarparana.com/foz-do-iguacu/,foz-do-iguacu/index.html
https:///www.vanescolarparana.com/foz-do-iguacu/ipe/,https://www.vanescolarparana.com/foz-do-iguacu/ipe/,foz-do-iguacu/ipe.html
https:///www.vanescolarparana.com/foz-do-iguacu/itaipu-a/,https://www.vanescolarparana.com/foz-do-iguacu/itaipu-a/,foz-do-iguacu/itaipu-a.html
https:///www.vanescolarparana.com/foz-do-iguacu/itaipu-b/,https://www.vanescolarparana.com/foz-do-iguacu/itaipu-b/,foz-do-iguacu/itaipu-b.html
https:///www.vanescolarparana.com/foz-do-iguacu/itaipu-c/,https://www.vanescolarparana.com/foz-do-iguacu/itaipu-c/,foz-do-iguacu/itaipu-c.html
https:///www.vanescolarparana.com/foz-do-iguacu/klp/,https://www.vanescolarparana.com/foz-do-iguacu/klp/,foz-do-iguacu/klp.html
https:///www.vanescolarparana.com/foz-do-iguacu/lancaster/,https://www.vanescolarparana.com/foz-do-iguacu/lancaster/,foz-do-iguacu/lancaster.html
https:///www.vanescolarparana.com/foz-do-iguacu/lote-grande/,https://www.vanescolarparana.com/foz-do-iguacu/lote-grande/,foz-do-iguacu/lote-grande.html
https:///www.vanescolarparana.com/foz-do-iguacu/maracana/,https://www.vanescolarparana.com/foz-do-iguacu/maracana/,foz-do-iguacu/maracana.html
https:///www.vanescolarparana.com/foz-do-iguacu/mata-verde/,https://www.vanescolarparana.com/foz-do-iguacu/mata-verde/,foz-do-iguacu/mata-verde.html
https:///www.vanescolarparana.com/foz-do-iguacu/monjolo/,https://www.vanescolarparana.com/foz-do-iguacu/monjolo/,foz-do-iguacu/monjolo.html
https:///www.vanescolarparana.com/foz-do-iguacu/morumbi/,https://www.vanescolarparana.com/foz-do-iguacu/morumbi/,foz-do-iguacu/morumbi.html
https:///www.vanescolarparana.com/foz-do-iguacu/nautica/,https://www.vanescolarparana.com/foz-do-iguacu/nautica/,foz-do-iguacu/nautica.html
https:///www.vanescolarparana.com/foz-do-iguacu/panorama/,https://www.vanescolarparana.com/foz-do-iguacu/panorama/,foz-do-iguacu/panorama.html
https:///www.vanescolarparana.com/foz-do-iguacu/parque-nacional/,https://www.vanescolarparana.com/foz-do-iguacu/parque-nacional/,foz-do-iguacu/parque-nacional.html
https:///www.vanescolarparana.com/foz-do-iguacu/polo-centro/,https://www.vanescolarparana.com/foz-do-iguacu/polo-centro/,foz-do-iguacu/polo-centro.html
https:///www.vanescolarparana.com/foz-do-iguacu/polo-universitario/,https://www.vanescolarparana.com/foz-do-iguacu/polo-universitario/,foz-do-iguacu/polo-universitario.html
https:///www.vanescolarparana.com/foz-do-iguacu/portal-da-foz/,https://www.vanescolarparana.com/foz-do-iguacu/portal-da-foz/,foz-do-iguacu/portal-da-foz.html
https:///www.vanescolarparana.com/foz-do-iguacu/portes/,https://www.vanescolarparana.com/foz-do-iguacu/portes/,foz-do-iguacu/portes.html
https:///www.vanescolarparana.com/foz-do-iguacu/porto-belo/,https://www.vanescolarparana.com/foz-do-iguacu/porto-belo/,foz-do-iguacu/porto-belo.html
https:///www.vanescolarparana.com/foz-do-iguacu/porto-meira/,https://www.vanescolarparana.com/foz-do-iguacu/porto-meira/,foz-do-iguacu/porto-meira.html
https:///www.vanescolarparana.com/foz-do-iguacu/remanso/,https://www.vanescolarparana.com/foz-do-iguacu/remanso/,foz-do-iguacu/remanso.html
https:///www.vanescolarparana.com/foz-do-iguacu/sao-roque/,https://www.vanescolarparana.com/foz-do-iguacu/sao-roque/,foz-do-iguacu/sao-roque.html
https:///www.vanescolarparana.com/foz-do-iguacu/tres-bandeiras/,https://www.vanescolarparana.com/foz-do-iguacu/tres-bandeiras/,foz-do-iguacu/tres-bandeiras.html
https:///www.vanescolarparana.com/foz-do-iguacu/tres-fronteiras/,https://www.vanescolarparana.com/foz-do-iguacu/tres-fronteiras/,foz-do-iguacu/tres-fronteiras.html
https:///www.vanescolarparana.com/foz-do-iguacu/tres-lagoas/,https://www.vanescolarparana.com/foz-do-iguacu/tres-lagoas/,foz-do-iguacu/tres-lagoas.html
https:///www.vanescolarparana.com/foz-do-iguacu/yolanda/,https://www.vanescolarparana.com/foz-do-iguacu/yolanda/,foz-do-iguacu/yolanda.html
https:///www.vanescolarparana.com/informativos/,https://www.vanescolarparana.com/informativos/,informativos/index.html
https:///www.vanescolarparana.com/informativos/como-precificar/,https://www.vanescolarparana.com/informativos/como-precificar/,informativos/como-precificar/index.html
https:///www.vanescolarparana.com/informativos/guia-de-modelos/,https://www.vanescolarparana.com/informativos/guia-de-modelos/,informativos/guia-de-modelos/index.html
https:///www.vanescolarparana.com/informativos/informativo-lei-ponta-grossa/,https://www.vanescolarparana.com/informativos/informativo-lei-ponta-grossa/,informativos/informativo-lei-ponta-grossa/index.html
https:///www.vanescolarparana.com/informativos/lei-15460-2019/,https://www.vanescolarparana.com/informativos/lei-15460-2019/,informativos/lei-15460-2019/index.html
https:///www.vanescolarparana.com/informativos/pte-parana/,https://www.vanescolarparana.com/informativos/pte-parana/,informativos/pte-parana/index.html
https:///www.vanescolarparana.com/informativos/rastreamento-fundepar-parana/,https://www.vanescolarparana.com/informativos/rastreamento-fundepar-parana/,informativos/rastreamento-fundepar-parana/index.html
https:///www.vanescolarparana.com/londrina/aeroporto/,https://www.vanescolarparana.com/londrina/aeroporto/,londrina/aeroporto.html
https:///www.vanescolarparana.com/londrina/bandeirantes/,https://www.vanescolarparana.com/londrina/bandeirantes/,londrina/bandeirantes.html
https:///www.vanescolarparana.com/londrina/bela-suica/,https://www.vanescolarparana.com/londrina/bela-suica/,londrina/bela-suica.html
https:///www.vanescolarparana.com/londrina/cafezal/,https://www.vanescolarparana.com/londrina/cafezal/,londrina/cafezal.html
https:///www.vanescolarparana.com/londrina/catuai/,https://www.vanescolarparana.com/londrina/catuai/,londrina/catuai.html
https:///www.vanescolarparana.com/londrina/centro/,https://www.vanescolarparana.com/londrina/centro/,londrina/centro.html
https:///www.vanescolarparana.com/londrina/chefe-newton/,https://www.vanescolarparana.com/londrina/chefe-newton/,londrina/chefe-newton.html
https:///www.vanescolarparana.com/londrina/coliseu/,https://www.vanescolarparana.com/londrina/coliseu/,londrina/coliseu.html
https:///www.vanescolarparana.com/londrina/ernani-moura-lima/,https://www.vanescolarparana.com/londrina/ernani-moura-lima/,londrina/ernani-moura-lima.html
https:///www.vanescolarparana.com/londrina/gleba-palhano/,https://www.vanescolarparana.com/londrina/gleba-palhano/,londrina/gleba-palhano.html
https:///www.vanescolarparana.com/londrina/graciosa/,https://www.vanescolarparana.com/londrina/graciosa/,londrina/graciosa.html
https:///www.vanescolarparana.com/londrina/higienopolis/,https://www.vanescolarparana.com/londrina/higienopolis/,londrina/higienopolis.html
https:///www.vanescolarparana.com/londrina/ideal/,https://www.vanescolarparana.com/londrina/ideal/,londrina/ideal.html
https:///www.vanescolarparana.com/londrina/,https://www.vanescolarparana.com/londrina/,londrina/index.html
https:///www.vanescolarparana.com/londrina/interlagos/,https://www.vanescolarparana.com/londrina/interlagos/,londrina/interlagos.html
https:///www.vanescolarparana.com/londrina/jardim-alvorada/,https://www.vanescolarparana.com/londrina/jardim-alvorada/,londrina/jardim-alvorada.html
https:///www.vanescolarparana.com/londrina/jardim-california/,https://www.vanescolarparana.com/londrina/jardim-california/,londrina/jardim-california.html
https:///www.vanescolarparana.com/londrina/jardim-claudia/,https://www.vanescolarparana.com/londrina/jardim-claudia/,londrina/jardim-claudia.html
https:///www.vanescolarparana.com/londrina/jardim-do-lago/,https://www.vanescolarparana.com/londrina/jardim-do-lago/,londrina/jardim-do-lago.html
https:///www.vanescolarparana.com/londrina/jardim-europa/,https://www.vanescolarparana.com/londrina/jardim-europa/,londrina/jardim-europa.html
https:///www.vanescolarparana.com/londrina/jardim-imagawa/,https://www.vanescolarparana.com/londrina/jardim-imagawa/,londrina/jardim-imagawa.html
https:///www.vanescolarparana.com/londrina/jardim-leonor/,https://www.vanescolarparana.com/londrina/jardim-leonor/,londrina/jardim-leonor.html
https:///www.vanescolarparana.com/londrina/jardim-lindoia/,https://www.vanescolarparana.com/londrina/jardim-lindoia/,londrina/jardim-lindoia.html
https:///www.vanescolarparana.com/londrina/jardim-maringa/,https://www.vanescolarparana.com/londrina/jardim-maringa/,londrina/jardim-maringa.html
https:///www.vanescolarparana.com/londrina/jardim-piza/,https://www.vanescolarparana.com/londrina/jardim-piza/,londrina/jardim-piza.html
https:///www.vanescolarparana.com/londrina/jardim-sabara/,https://www.vanescolarparana.com/londrina/jardim-sabara/,londrina/jardim-sabara.html
https:///www.vanescolarparana.com/londrina/jardim-santo-amaro/,https://www.vanescolarparana.com/londrina/jardim-santo-amaro/,londrina/jardim-santo-amaro.html
https:///www.vanescolarparana.com/londrina/jardim-shangri-la/,https://www.vanescolarparana.com/londrina/jardim-shangri-la/,londrina/jardim-shangri-la.html
https:///www.vanescolarparana.com/londrina/jardim-taruma/,https://www.vanescolarparana.com/londrina/jardim-taruma/,londrina/jardim-taruma.html
https:///www.vanescolarparana.com/londrina/jardim-tucanos/,https://www.vanescolarparana.com/londrina/jardim-tucanos/,londrina/jardim-tucanos.html
https:///www.vanescolarparana.com/londrina/leonor/,https://www.vanescolarparana.com/londrina/leonor/,londrina/leonor.html
https:///www.vanescolarparana.com/londrina/monte-belo/,https://www.vanescolarparana.com/londrina/monte-belo/,londrina/monte-belo.html
https:///www.vanescolarparana.com/londrina/ouro-branco/,https://www.vanescolarparana.com/londrina/ouro-branco/,londrina/ouro-branco.html
https:///www.vanescolarparana.com/londrina/palhano/,https://www.vanescolarparana.com/londrina/palhano/,londrina/palhano.html
https:///www.vanescolarparana.com/londrina/parque-guanabara/,https://www.vanescolarparana.com/londrina/parque-guanabara/,londrina/parque-guanabara.html
https:///www.vanescolarparana.com/londrina/parque-jamaica/,https://www.vanescolarparana.com/londrina/parque-jamaica/,londrina/parque-jamaica.html
https:///www.vanescolarparana.com/londrina/parque-ouro-branco/,https://www.vanescolarparana.com/londrina/parque-ouro-branco/,londrina/parque-ouro-branco.html
https:///www.vanescolarparana.com/londrina/parque-residencial-do-cafe/,https://www.vanescolarparana.com/londrina/parque-residencial-do-cafe/,londrina/parque-residencial-do-cafe.html
https:///www.vanescolarparana.com/londrina/parque-taua/,https://www.vanescolarparana.com/londrina/parque-taua/,londrina/parque-taua.html
https:///www.vanescolarparana.com/londrina/piza/,https://www.vanescolarparana.com/londrina/piza/,londrina/piza.html
https:///www.vanescolarparana.com/londrina/quebec/,https://www.vanescolarparana.com/londrina/quebec/,londrina/quebec.html
https:///www.vanescolarparana.com/londrina/sabara/,https://www.vanescolarparana.com/londrina/sabara/,londrina/sabara.html
https:///www.vanescolarparana.com/londrina/santa-rita/,https://www.vanescolarparana.com/londrina/santa-rita/,londrina/santa-rita.html
https:///www.vanescolarparana.com/londrina/santo-antonio/,https://www.vanescolarparana.com/londrina/santo-antonio/,londrina/santo-antonio.html
https:///www.vanescolarparana.com/londrina/tucanos/,https://www.vanescolarparana.com/londrina/tucanos/,londrina/tucanos.html
https:///www.vanescolarparana.com/londrina/uniao-da-vitoria/,https://www.vanescolarparana.com/londrina/uniao-da-vitoria/,londrina/uniao-da-vitoria.html
https:///www.vanescolarparana.com/londrina/vivendas-do-arvoredo/,https://www.vanescolarparana.com/londrina/vivendas-do-arvoredo/,londrina/vivendas-do-arvoredo.html
https:///www.vanescolarparana.com/maringa/conjunto-guaiapo/,https://www.vanescolarparana.com/maringa/conjunto-guaiapo/,maringa/conjunto-guaiapo.html
https:///www.vanescolarparana.com/maringa/conjunto-habitacional-cidade-alta/,https://www.vanescolarparana.com/maringa/conjunto-habitacional-cidade-alta/,maringa/conjunto-habitacional-cidade-alta.html
https:///www.vanescolarparana.com/maringa/conjunto-habitacional-inocente-vila-nova-junior/,https://www.vanescolarparana.com/maringa/conjunto-habitacional-inocente-vila-nova-junior/,maringa/conjunto-habitacional-inocente-vila-nova-junior.html
https:///www.vanescolarparana.com/maringa/conjunto-joao-de-barro/,https://www.vanescolarparana.com/maringa/conjunto-joao-de-barro/,maringa/conjunto-joao-de-barro.html
https:///www.vanescolarparana.com/maringa/conjunto-requiao/,https://www.vanescolarparana.com/maringa/conjunto-requiao/,maringa/conjunto-requiao.html
https:///www.vanescolarparana.com/maringa/conjunto-santa-felicidade/,https://www.vanescolarparana.com/maringa/conjunto-santa-felicidade/,maringa/conjunto-santa-felicidade.html
https:///www.vanescolarparana.com/maringa/,https://www.vanescolarparana.com/maringa/,maringa/index.html
https:///www.vanescolarparana.com/maringa/jardim-aclimacao/,https://www.vanescolarparana.com/maringa/jardim-aclimacao/,maringa/jardim-aclimacao.html
https:///www.vanescolarparana.com/maringa/jardim-alvorada/,https://www.vanescolarparana.com/maringa/jardim-alvorada/,maringa/jardim-alvorada.html
https:///www.vanescolarparana.com/maringa/jardim-america/,https://www.vanescolarparana.com/maringa/jardim-america/,maringa/jardim-america.html
https:///www.vanescolarparana.com/maringa/jardim-andrade/,https://www.vanescolarparana.com/maringa/jardim-andrade/,maringa/jardim-andrade.html
https:///www.vanescolarparana.com/maringa/jardim-atlanta/,https://www.vanescolarparana.com/maringa/jardim-atlanta/,maringa/jardim-atlanta.html
https:///www.vanescolarparana.com/maringa/jardim-diamante/,https://www.vanescolarparana.com/maringa/jardim-diamante/,maringa/jardim-diamante.html
https:///www.vanescolarparana.com/maringa/jardim-eldorado/,https://www.vanescolarparana.com/maringa/jardim-eldorado/,maringa/jardim-eldorado.html
https:///www.vanescolarparana.com/maringa/jardim-everest/,https://www.vanescolarparana.com/maringa/jardim-everest/,maringa/jardim-everest.html
https:///www.vanescolarparana.com/maringa/jardim-higienopolis/,https://www.vanescolarparana.com/maringa/jardim-higienopolis/,maringa/jardim-higienopolis.html
https:///www.vanescolarparana.com/maringa/jardim-imperial/,https://www.vanescolarparana.com/maringa/jardim-imperial/,maringa/jardim-imperial.html
https:///www.vanescolarparana.com/maringa/jardim-internorte/,https://www.vanescolarparana.com/maringa/jardim-internorte/,maringa/jardim-internorte.html
https:///www.vanescolarparana.com/maringa/jardim-ipanema/,https://www.vanescolarparana.com/maringa/jardim-ipanema/,maringa/jardim-ipanema.html
https:///www.vanescolarparana.com/maringa/jardim-italia/,https://www.vanescolarparana.com/maringa/jardim-italia/,maringa/jardim-italia.html
https:///www.vanescolarparana.com/maringa/jardim-liberdade/,https://www.vanescolarparana.com/maringa/jardim-liberdade/,maringa/jardim-liberdade.html
https:///www.vanescolarparana.com/maringa/jardim-monte-rei/,https://www.vanescolarparana.com/maringa/jardim-monte-rei/,maringa/jardim-monte-rei.html
https:///www.vanescolarparana.com/maringa/jardim-novo-horizonte/,https://www.vanescolarparana.com/maringa/jardim-novo-horizonte/,maringa/jardim-novo-horizonte.html
https:///www.vanescolarparana.com/maringa/jardim-ouro-cola/,https://www.vanescolarparana.com/maringa/jardim-ouro-cola/,maringa/jardim-ouro-cola.html
https:///www.vanescolarparana.com/maringa/jardim-paulista/,https://www.vanescolarparana.com/maringa/jardim-paulista/,maringa/jardim-paulista.html
https:///www.vanescolarparana.com/maringa/jardim-pinheiros/,https://www.vanescolarparana.com/maringa/jardim-pinheiros/,maringa/jardim-pinheiros.html
https:///www.vanescolarparana.com/maringa/jardim-quebec/,https://www.vanescolarparana.com/maringa/jardim-quebec/,maringa/jardim-quebec.html
https:///www.vanescolarparana.com/maringa/jardim-real/,https://www.vanescolarparana.com/maringa/jardim-real/,maringa/jardim-real.html
https:///www.vanescolarparana.com/maringa/jardim-reboucas/,https://www.vanescolarparana.com/maringa/jardim-reboucas/,maringa/jardim-reboucas.html
https:///www.vanescolarparana.com/maringa/jardim-santa-helena/,https://www.vanescolarparana.com/maringa/jardim-santa-helena/,maringa/jardim-santa-helena.html
https:///www.vanescolarparana.com/maringa/jardim-sao-jorge/,https://www.vanescolarparana.com/maringa/jardim-sao-jorge/,maringa/jardim-sao-jorge.html
https:///www.vanescolarparana.com/maringa/jardim-universo/,https://www.vanescolarparana.com/maringa/jardim-universo/,maringa/jardim-universo.html
https:///www.vanescolarparana.com/maringa/vila-bosque/,https://www.vanescolarparana.com/maringa/vila-bosque/,maringa/vila-bosque.html
https:///www.vanescolarparana.com/maringa/vila-esperanca/,https://www.vanescolarparana.com/maringa/vila-esperanca/,maringa/vila-esperanca.html
https:///www.vanescolarparana.com/maringa/vila-morangueira/,https://www.vanescolarparana.com/maringa/vila-morangueira/,maringa/vila-morangueira.html
https:///www.vanescolarparana.com/maringa/vila-nova/,https://www.vanescolarparana.com/maringa/vila-nova/,maringa/vila-nova.html
https:///www.vanescolarparana.com/maringa/vila-operaria/,https://www.vanescolarparana.com/maringa/vila-operaria/,maringa/vila-operaria.html
https:///www.vanescolarparana.com/maringa/vila-santo-antonio/,https://www.vanescolarparana.com/maringa/vila-santo-antonio/,maringa/vila-santo-antonio.html
https:///www.vanescolarparana.com/maringa/zona-01/,https://www.vanescolarparana.com/maringa/zona-01/,maringa/zona-01.html
https:///www.vanescolarparana.com/maringa/zona-02/,https://www.vanescolarparana.com/maringa/zona-02/,maringa/zona-02.html
https:///www.vanescolarparana.com/maringa/zona-03/,https://www.vanescolarparana.com/maringa/zona-03/,maringa/zona-03.html
https:///www.vanescolarparana.com/maringa/zona-04/,https://www.vanescolarparana.com/maringa/zona-04/,maringa/zona-04.html
https:///www.vanescolarparana.com/maringa/zona-05/,https://www.vanescolarparana.com/maringa/zona-05/,maringa/zona-05.html
https:///www.vanescolarparana.com/maringa/zona-06/,https://www.vanescolarparana.com/maringa/zona-06/,maringa/zona-06.html
https:///www.vanescolarparana.com/maringa/zona-07/,https://www.vanescolarparana.com/maringa/zona-07/,maringa/zona-07.html
https:///www.vanescolarparana.com/maringa/zona-08/,https://www.vanescolarparana.com/maringa/zona-08/,maringa/zona-08.html
https:///www.vanescolarparana.com/maringa/zona-10/,https://www.vanescolarparana.com/maringa/zona-10/,maringa/zona-10.html
https:///www.vanescolarparana.com/maringa/zona-11/,https://www.vanescolarparana.com/maringa/zona-11/,maringa/zona-11.html
https:///www.vanescolarparana.com/maringa/zona-12/,https://www.vanescolarparana.com/maringa/zona-12/,maringa/zona-12.html
https:///www.vanescolarparana.com/maringa/zona-19/,https://www.vanescolarparana.com/maringa/zona-19/,maringa/zona-19.html
https:///www.vanescolarparana.com/maringa/zona-27/,https://www.vanescolarparana.com/maringa/zona-27/,maringa/zona-27.html
https:///www.vanescolarparana.com/maringa/zona-37/,https://www.vanescolarparana.com/maringa/zona-37/,maringa/zona-37.html
https:///www.vanescolarparana.com/maringa/zona-38/,https://www.vanescolarparana.com/maringa/zona-38/,maringa/zona-38.html
https:///www.vanescolarparana.com/pinhais/,https://www.vanescolarparana.com/pinhais/,pinhais/index.html
https:///www.vanescolarparana.com/ponta-grossa/boa-vista/,https://www.vanescolarparana.com/ponta-grossa/boa-vista/,ponta-grossa/boa-vista.html
https:///www.vanescolarparana.com/ponta-grossa/cara-cara/,https://www.vanescolarparana.com/ponta-grossa/cara-cara/,ponta-grossa/cara-cara.html
https:///www.vanescolarparana.com/ponta-grossa/centro/,https://www.vanescolarparana.com/ponta-grossa/centro/,ponta-grossa/centro.html
https:///www.vanescolarparana.com/ponta-grossa/chapada/,https://www.vanescolarparana.com/ponta-grossa/chapada/,ponta-grossa/chapada.html
https:///www.vanescolarparana.com/ponta-grossa/colonia-dona-luiza/,https://www.vanescolarparana.com/ponta-grossa/colonia-dona-luiza/,ponta-grossa/colonia-dona-luiza.html
https:///www.vanescolarparana.com/ponta-grossa/contorno/,https://www.vanescolarparana.com/ponta-grossa/contorno/,ponta-grossa/contorno.html
https:///www.vanescolarparana.com/ponta-grossa/,https://www.vanescolarparana.com/ponta-grossa/,ponta-grossa/index.html
https:///www.vanescolarparana.com/ponta-grossa/neves/,https://www.vanescolarparana.com/ponta-grossa/neves/,ponta-grossa/neves.html
https:///www.vanescolarparana.com/ponta-grossa/nova-russia/,https://www.vanescolarparana.com/ponta-grossa/nova-russia/,ponta-grossa/nova-russia.html
https:///www.vanescolarparana.com/ponta-grossa/oficinas/,https://www.vanescolarparana.com/ponta-grossa/oficinas/,ponta-grossa/oficinas.html
https:///www.vanescolarparana.com/ponta-grossa/olarias/,https://www.vanescolarparana.com/ponta-grossa/olarias/,ponta-grossa/olarias.html
https:///www.vanescolarparana.com/ponta-grossa/ronda/,https://www.vanescolarparana.com/ponta-grossa/ronda/,ponta-grossa/ronda.html
https:///www.vanescolarparana.com/ponta-grossa/uvaranas/,https://www.vanescolarparana.com/ponta-grossa/uvaranas/,ponta-grossa/uvaranas.html
https:///www.vanescolarparana.com/sao-jose-dos-pinhais/adventista/,https://www.vanescolarparana.com/sao-jose-dos-pinhais/adventista/,sao-jose-dos-pinhais/adventista.html
https:///www.vanescolarparana.com/sao-jose-dos-pinhais/afonso-pena/,https://www.vanescolarparana.com/sao-jose-dos-pinhais/afonso-pena/,sao-jose-dos-pinhais/afonso-pena.html
https:///www.vanescolarparana.com/sao-jose-dos-pinhais/alvorecer/,https://www.vanescolarparana.com/sao-jose-dos-pinhais/alvorecer/,sao-jose-dos-pinhais/alvorecer.html
https:///www.vanescolarparana.com/sao-jose-dos-pinhais/apollo/,https://www.vanescolarparana.com/sao-jose-dos-pinhais/apollo/,sao-jose-dos-pinhais/apollo.html
https:///www.vanescolarparana.com/sao-jose-dos-pinhais/bandeirantes/,https://www.vanescolarparana.com/sao-jose-dos-pinhais/bandeirantes/,sao-jose-dos-pinhais/bandeirantes.html
https:///www.vanescolarparana.com/sao-jose-dos-pinhais/barro-preto/,https://www.vanescolarparana.com/sao-jose-dos-pinhais/barro-preto/,sao-jose-dos-pinhais/barro-preto.html
https:///www.vanescolarparana.com/sao-jose-dos-pinhais/boneca-do-iguacu/,https://www.vanescolarparana.com/sao-jose-dos-pinhais/boneca-do-iguacu/,sao-jose-dos-pinhais/boneca-do-iguacu.html
https:///www.vanescolarparana.com/sao-jose-dos-pinhais/borda-do-campo/,https://www.vanescolarparana.com/sao-jose-dos-pinhais/borda-do-campo/,sao-jose-dos-pinhais/borda-do-campo.html
https:///www.vanescolarparana.com/sao-jose-dos-pinhais/caic/,https://www.vanescolarparana.com/sao-jose-dos-pinhais/caic/,sao-jose-dos-pinhais/caic.html
https:///www.vanescolarparana.com/sao-jose-dos-pinhais/centro/,https://www.vanescolarparana.com/sao-jose-dos-pinhais/centro/,sao-jose-dos-pinhais/centro.html
https:///www.vanescolarparana.com/sao-jose-dos-pinhais/cidade-jardim/,https://www.vanescolarparana.com/sao-jose-dos-pinhais/cidade-jardim/,sao-jose-dos-pinhais/cidade-jardim.html
https:///www.vanescolarparana.com/sao-jose-dos-pinhais/colonia-rio-grande/,https://www.vanescolarparana.com/sao-jose-dos-pinhais/colonia-rio-grande/,sao-jose-dos-pinhais/colonia-rio-grande.html
https:///www.vanescolarparana.com/sao-jose-dos-pinhais/costa-viana/,https://www.vanescolarparana.com/sao-jose-dos-pinhais/costa-viana/,sao-jose-dos-pinhais/costa-viana.html
https:///www.vanescolarparana.com/sao-jose-dos-pinhais/costeira/,https://www.vanescolarparana.com/sao-jose-dos-pinhais/costeira/,sao-jose-dos-pinhais/costeira.html
https:///www.vanescolarparana.com/sao-jose-dos-pinhais/del-rey/,https://www.vanescolarparana.com/sao-jose-dos-pinhais/del-rey/,sao-jose-dos-pinhais/del-rey.html
https:///www.vanescolarparana.com/sao-jose-dos-pinhais/eldorado/,https://www.vanescolarparana.com/sao-jose-dos-pinhais/eldorado/,sao-jose-dos-pinhais/eldorado.html
https:///www.vanescolarparana.com/sao-jose-dos-pinhais/fatima/,https://www.vanescolarparana.com/sao-jose-dos-pinhais/fatima/,sao-jose-dos-pinhais/fatima.html
https:///www.vanescolarparana.com/sao-jose-dos-pinhais/guatupe/,https://www.vanescolarparana.com/sao-jose-dos-pinhais/guatupe/,sao-jose-dos-pinhais/guatupe.html
https:///www.vanescolarparana.com/sao-jose-dos-pinhais/independencia/,https://www.vanescolarparana.com/sao-jose-dos-pinhais/independencia/,sao-jose-dos-pinhais/independencia.html
https:///www.vanescolarparana.com/sao-jose-dos-pinhais/,https://www.vanescolarparana.com/sao-jose-dos-pinhais/,sao-jose-dos-pinhais/index.html
https:///www.vanescolarparana.com/sao-jose-dos-pinhais/j-aeroporto/,https://www.vanescolarparana.com/sao-jose-dos-pinhais/j-aeroporto/,sao-jose-dos-pinhais/j-aeroporto.html
https:///www.vanescolarparana.com/sao-jose-dos-pinhais/jardim-carmen/,https://www.vanescolarparana.com/sao-jose-dos-pinhais/jardim-carmen/,sao-jose-dos-pinhais/jardim-carmen.html
https:///www.vanescolarparana.com/sao-jose-dos-pinhais/jardim-cruzeiro/,https://www.vanescolarparana.com/sao-jose-dos-pinhais/jardim-cruzeiro/,sao-jose-dos-pinhais/jardim-cruzeiro.html
https:///www.vanescolarparana.com/sao-jose-dos-pinhais/jardim-italia/,https://www.vanescolarparana.com/sao-jose-dos-pinhais/jardim-italia/,sao-jose-dos-pinhais/jardim-italia.html
https:///www.vanescolarparana.com/sao-jose-dos-pinhais/murici/,https://www.vanescolarparana.com/sao-jose-dos-pinhais/murici/,sao-jose-dos-pinhais/murici.html
https:///www.vanescolarparana.com/sao-jose-dos-pinhais/ouro-fino/,https://www.vanescolarparana.com/sao-jose-dos-pinhais/ouro-fino/,sao-jose-dos-pinhais/ouro-fino.html
https:///www.vanescolarparana.com/sao-jose-dos-pinhais/patronato/,https://www.vanescolarparana.com/sao-jose-dos-pinhais/patronato/,sao-jose-dos-pinhais/patronato.html
https:///www.vanescolarparana.com/sao-jose-dos-pinhais/pedro-moro/,https://www.vanescolarparana.com/sao-jose-dos-pinhais/pedro-moro/,sao-jose-dos-pinhais/pedro-moro.html
https:///www.vanescolarparana.com/sao-jose-dos-pinhais/primavera/,https://www.vanescolarparana.com/sao-jose-dos-pinhais/primavera/,sao-jose-dos-pinhais/primavera.html
https:///www.vanescolarparana.com/sao-jose-dos-pinhais/quississana/,https://www.vanescolarparana.com/sao-jose-dos-pinhais/quississana/,sao-jose-dos-pinhais/quississana.html
https:///www.vanescolarparana.com/sao-jose-dos-pinhais/rio-pequeno/,https://www.vanescolarparana.com/sao-jose-dos-pinhais/rio-pequeno/,sao-jose-dos-pinhais/rio-pequeno.html
https:///www.vanescolarparana.com/sao-jose-dos-pinhais/sao-francisco/,https://www.vanescolarparana.com/sao-jose-dos-pinhais/sao-francisco/,sao-jose-dos-pinhais/sao-francisco.html
https:///www.vanescolarparana.com/sao-jose-dos-pinhais/sao-marcos/,https://www.vanescolarparana.com/sao-jose-dos-pinhais/sao-marcos/,sao-jose-dos-pinhais/sao-marcos.html
https:///www.vanescolarparana.com/sao-jose-dos-pinhais/sesi/,https://www.vanescolarparana.com/sao-jose-dos-pinhais/sesi/,sao-jose-dos-pinhais/sesi.html
https:///www.vanescolarparana.com/sao-jose-dos-pinhais/suica/,https://www.vanescolarparana.com/sao-jose-dos-pinhais/suica/,sao-jose-dos-pinhais/suica.html
https:///www.vanescolarparana.com/sao-jose-dos-pinhais/u-polo/,https://www.vanescolarparana.com/sao-jose-dos-pinhais/u-polo/,sao-jose-dos-pinhais/u-polo.html
https:///www.vanescolarparana.com/sao-jose-dos-pinhais/unisenai-pr/,https://www.vanescolarparana.com/sao-jose-dos-pinhais/unisenai-pr/,sao-jose-dos-pinhais/unisenai-pr.html
https:///www.vanescolarparana.com/sao-jose-dos-pinhais/viacao/,https://www.vanescolarparana.com/sao-jose-dos-pinhais/viacao/,sao-jose-dos-pinhais/viacao.html
https:///www.vanescolarparana.com/sao-jose-dos-pinhais/vila-ina/,https://www.vanescolarparana.com/sao-jose-dos-pinhais/vila-ina/,sao-jose-dos-pinhais/vila-ina.html
https:///www.vanescolarparana.com/sao-jose-dos-pinhais/vila-palmira/,https://www.vanescolarparana.com/sao-jose-dos-pinhais/vila-palmira/,sao-jose-dos-pinhais/vila-palmira.html
https:///www.vanescolarparana.com/sao-jose-dos-pinhais/zaniolo/,https://www.vanescolarparana.com/sao-jose-dos-pinhais/zaniolo/,sao-jose-dos-pinhais/zaniolo.html
https:///www.vanescolarparana.com/sobre/,https://www.vanescolarparana.com/sobre/,sobre/index.html
https:///www.vanescolarparana.com/termos-e-condicoes/,https://www.vanescolarparana.com/termos-e-condicoes/,termos-e-condicoes/index.html
